{"cameraMode":{"drawMode":0,"name":"Shaded","section":"Shading Mode"},"sceneLighting":true,"audioPlay":false,"sceneViewState":{"showFog":true,"showMaterialUpdate":false,"showSkybox":true,"showFlares":true,"showImageEffects":true,"showParticleSystems":true},"in2DMode":false,"pivot":{"x":1124.3292236328125,"y":503.9998779296875,"z":2.002197265625},"rotation":{"x":0.04627026990056038,"y":-0.0054313489235937599,"z":0.00011224931222386658,"w":0.9989239573478699},"size":1001.6712036132813,"orthographic":false}