{"cameraMode":{"drawMode":0,"name":"Shaded","section":"Shading Mode"},"sceneLighting":false,"audioPlay":false,"sceneViewState":{"showFog":true,"showMaterialUpdate":false,"showSkybox":false,"showFlares":true,"showImageEffects":true,"showParticleSystems":true},"in2DMode":false,"pivot":{"x":-0.059847354888916019,"y":-1.5313072204589844,"z":0.15182256698608399},"rotation":{"x":-0.21178337931632996,"y":-0.7493933439254761,"z":0.28362250328063967,"w":-0.5595808625221252},"size":1.6157805919647217,"orthographic":false}